controller_id,db_name,trading_pairs,start_datetime,end_datetime,duration_hours,long_global_pnl,long_max_draw_down,long_max_run_up,long_total_trades,long_total_quote_volume,long_total_duration_minutes,long_controller_config,long_amount_of_levels,long_spread_percent,long_amount_levels_by_spread,long_amount_levels_by_amount,short_global_pnl,short_max_draw_down,short_max_run_up,short_total_trades,short_total_quote_volume,short_total_duration_minutes,short_controller_config,short_amount_of_levels,short_spread_percent,short_amount_levels_by_spread,short_amount_levels_by_amount
binance-perpetual||ADA-USDT||RED-USDT||2025||isoweek11||step-0.0010_3-0010,binance_perpetual-2025-11-3-0010-batch3-2025.sqlite,ADA-USDT+RED-USDT,2025-03-12 00:18:50,2025-03-12 09:58:40,9.66388888888889,6.2094590299997705,-0.006015066940000174,0.006762590029999709,143,1070.1284,294.43333333333334,"{'controller_name': 'stat_arb', 'controller_type': 'generic', 'total_amount_quote': 1000.0, 'manual_kill_switch': None, 'candles_config': [], 'coerce_tp_to_step': True, 'connector_name': 'binance_perpetual', 'base_trading_pair': 'ADA-USDT', 'quote_trading_pair': 'RED-USDT', 'base_side': 1, 'grid_config_base': {'start_price': 0.6075295445198112, 'end_price': 0.7698704554801888, 'limit_price': 0.5669443167797168, 'min_order_amount_quote': 6.5, 'order_frequency': 5}, 'grid_config_quote': {'start_price': 0.4344710398884771, 'end_price': 0.497528960111523, 'limit_price': 0.5132934401672845, 'min_order_amount_quote': 6.5, 'order_frequency': 5}, 'leverage': 50, 'position_mode': 'HEDGE', 'min_spread_between_orders': 0.0004, 'max_open_orders': 3, 'max_orders_per_batch': 1, 'activation_bounds': 0.0003, 'safe_extra_spread': 0.0002, 'deduct_base_fees': False, 'triple_barrier_config': {'stop_loss': 0.1, 'take_profit': 0.0008, 'time_limit': 259200, 'trailing_stop': {'activation_price': 0.03, 'trailing_delta': 0.005}, 'open_order_type': 2, 'take_profit_order_type': 1, 'stop_loss_order_type': 1, 'time_limit_order_type': 1}}",76.92307692307692,0.002110431842484909,405.85227740094405,76.92307692307692,-84.71260217999871,-0.08471260217999871,0.0037670293700001038,1844,12886.127,579.8333333333334,"{'controller_name': 'stat_arb', 'controller_type': 'generic', 'total_amount_quote': 1000.0, 'manual_kill_switch': None, 'candles_config': [], 'coerce_tp_to_step': True, 'connector_name': 'binance_perpetual', 'base_trading_pair': 'ADA-USDT', 'quote_trading_pair': 'RED-USDT', 'base_side': 1, 'grid_config_base': {'start_price': 0.6075295445198112, 'end_price': 0.7698704554801888, 'limit_price': 0.5669443167797168, 'min_order_amount_quote': 6.5, 'order_frequency': 5}, 'grid_config_quote': {'start_price': 0.4344710398884771, 'end_price': 0.497528960111523, 'limit_price': 0.5132934401672845, 'min_order_amount_quote': 6.5, 'order_frequency': 5}, 'leverage': 50, 'position_mode': 'HEDGE', 'min_spread_between_orders': 0.0004, 'max_open_orders': 3, 'max_orders_per_batch': 1, 'activation_bounds': 0.0003, 'safe_extra_spread': 0.0002, 'deduct_base_fees': False, 'triple_barrier_config': {'stop_loss': 0.1, 'take_profit': 0.0008, 'time_limit': 259200, 'trailing_stop': {'activation_price': 0.03, 'trailing_delta': 0.005}, 'open_order_type': 2, 'take_profit_order_type': 1, 'stop_loss_order_type': 1, 'time_limit_order_type': 1}}",76.92307692307692,0.0008197529628995968,157.64480055761476,76.92307692307692
binance-perpetual||ADA-USDT||RED-USDT||2025||isoweek11||step-0.0015_3-0010,binance_perpetual-2025-11-3-0010-batch3-2025.sqlite,ADA-USDT+RED-USDT,2025-03-12 00:18:50,2025-03-12 09:58:37,9.663055555555555,6.307704179999893,-0.005955004030000148,0.006860835179999738,152,1097.7055,294.43333333333334,"{'controller_name': 'stat_arb', 'controller_type': 'generic', 'total_amount_quote': 1000.0, 'manual_kill_switch': None, 'candles_config': [], 'coerce_tp_to_step': True, 'connector_name': 'binance_perpetual', 'base_trading_pair': 'ADA-USDT', 'quote_trading_pair': 'RED-USDT', 'base_side': 1, 'grid_config_base': {'start_price': 0.6075295445198112, 'end_price': 0.7698704554801888, 'limit_price': 0.5669443167797168, 'min_order_amount_quote': 6.5, 'order_frequency': 5}, 'grid_config_quote': {'start_price': 0.4344710398884771, 'end_price': 0.497528960111523, 'limit_price': 0.5132934401672845, 'min_order_amount_quote': 6.5, 'order_frequency': 5}, 'leverage': 50, 'position_mode': 'HEDGE', 'min_spread_between_orders': 0.0004, 'max_open_orders': 3, 'max_orders_per_batch': 1, 'activation_bounds': 0.0003, 'safe_extra_spread': 0.0002, 'deduct_base_fees': False, 'triple_barrier_config': {'stop_loss': 0.1, 'take_profit': 0.0008, 'time_limit': 259200, 'trailing_stop': {'activation_price': 0.03, 'trailing_delta': 0.005}, 'open_order_type': 2, 'take_profit_order_type': 1, 'stop_loss_order_type': 1, 'time_limit_order_type': 1}}",76.92307692307692,0.002110431842484909,405.85227740094405,76.92307692307692,-84.38503565000576,-0.08438503565000575,0.003993837369999285,1865,12972.938300000002,579.7833333333333,"{'controller_name': 'stat_arb', 'controller_type': 'generic', 'total_amount_quote': 1000.0, 'manual_kill_switch': None, 'candles_config': [], 'coerce_tp_to_step': True, 'connector_name': 'binance_perpetual', 'base_trading_pair': 'ADA-USDT', 'quote_trading_pair': 'RED-USDT', 'base_side': 1, 'grid_config_base': {'start_price': 0.6075295445198112, 'end_price': 0.7698704554801888, 'limit_price': 0.5669443167797168, 'min_order_amount_quote': 6.5, 'order_frequency': 5}, 'grid_config_quote': {'start_price': 0.4344710398884771, 'end_price': 0.497528960111523, 'limit_price': 0.5132934401672845, 'min_order_amount_quote': 6.5, 'order_frequency': 5}, 'leverage': 50, 'position_mode': 'HEDGE', 'min_spread_between_orders': 0.0004, 'max_open_orders': 3, 'max_orders_per_batch': 1, 'activation_bounds': 0.0003, 'safe_extra_spread': 0.0002, 'deduct_base_fees': False, 'triple_barrier_config': {'stop_loss': 0.1, 'take_profit': 0.0008, 'time_limit': 259200, 'trailing_stop': {'activation_price': 0.03, 'trailing_delta': 0.005}, 'open_order_type': 2, 'take_profit_order_type': 1, 'stop_loss_order_type': 1, 'time_limit_order_type': 1}}",76.92307692307692,0.0008197529628995968,157.64480055761476,76.92307692307692
binance-perpetual||ADA-USDT||RED-USDT||2025||isoweek11||step-0.0020_3-0010,binance_perpetual-2025-11-3-0010-batch3-2025.sqlite,ADA-USDT+RED-USDT,2025-03-12 00:18:50,2025-03-12 09:58:37,9.663055555555555,6.251776729999584,-0.005970939150000177,0.006847512279999655,152,1099.1042,294.43333333333334,"{'controller_name': 'stat_arb', 'controller_type': 'generic', 'total_amount_quote': 1000.0, 'manual_kill_switch': None, 'candles_config': [], 'coerce_tp_to_step': True, 'connector_name': 'binance_perpetual', 'base_trading_pair': 'ADA-USDT', 'quote_trading_pair': 'RED-USDT', 'base_side': 1, 'grid_config_base': {'start_price': 0.6075295445198112, 'end_price': 0.7698704554801888, 'limit_price': 0.5669443167797168, 'min_order_amount_quote': 6.5, 'order_frequency': 5}, 'grid_config_quote': {'start_price': 0.4344710398884771, 'end_price': 0.497528960111523, 'limit_price': 0.5132934401672845, 'min_order_amount_quote': 6.5, 'order_frequency': 5}, 'leverage': 50, 'position_mode': 'HEDGE', 'min_spread_between_orders': 0.0004, 'max_open_orders': 3, 'max_orders_per_batch': 1, 'activation_bounds': 0.0003, 'safe_extra_spread': 0.0002, 'deduct_base_fees': False, 'triple_barrier_config': {'stop_loss': 0.1, 'take_profit': 0.0008, 'time_limit': 259200, 'trailing_stop': {'activation_price': 0.03, 'trailing_delta': 0.005}, 'open_order_type': 2, 'take_profit_order_type': 1, 'stop_loss_order_type': 1, 'time_limit_order_type': 1}}",76.92307692307692,0.002110431842484909,405.85227740094405,76.92307692307692,-83.97634755000404,-0.08397634755000404,0.00392092365000026,1847,12956.912100000001,579.7833333333333,"{'controller_name': 'stat_arb', 'controller_type': 'generic', 'total_amount_quote': 1000.0, 'manual_kill_switch': None, 'candles_config': [], 'coerce_tp_to_step': True, 'connector_name': 'binance_perpetual', 'base_trading_pair': 'ADA-USDT', 'quote_trading_pair': 'RED-USDT', 'base_side': 1, 'grid_config_base': {'start_price': 0.6075295445198112, 'end_price': 0.7698704554801888, 'limit_price': 0.5669443167797168, 'min_order_amount_quote': 6.5, 'order_frequency': 5}, 'grid_config_quote': {'start_price': 0.4344710398884771, 'end_price': 0.497528960111523, 'limit_price': 0.5132934401672845, 'min_order_amount_quote': 6.5, 'order_frequency': 5}, 'leverage': 50, 'position_mode': 'HEDGE', 'min_spread_between_orders': 0.0004, 'max_open_orders': 3, 'max_orders_per_batch': 1, 'activation_bounds': 0.0003, 'safe_extra_spread': 0.0002, 'deduct_base_fees': False, 'triple_barrier_config': {'stop_loss': 0.1, 'take_profit': 0.0008, 'time_limit': 259200, 'trailing_stop': {'activation_price': 0.03, 'trailing_delta': 0.005}, 'open_order_type': 2, 'take_profit_order_type': 1, 'stop_loss_order_type': 1, 'time_limit_order_type': 1}}",76.92307692307692,0.0008197529628995968,157.64480055761476,76.92307692307692
binance-perpetual||ADA-USDT||RED-USDT||2025||isoweek11||step-0.0050_3-0010,binance_perpetual-2025-11-3-0010-batch3-2025.sqlite,ADA-USDT+RED-USDT,2025-03-12 00:18:50,2025-03-12 09:58:41,9.664166666666667,6.2610961899995665,-0.005962418620000219,0.006865927189999577,145,1100.5232,294.6,"{'controller_name': 'stat_arb', 'controller_type': 'generic', 'total_amount_quote': 1000.0, 'manual_kill_switch': None, 'candles_config': [], 'coerce_tp_to_step': True, 'connector_name': 'binance_perpetual', 'base_trading_pair': 'ADA-USDT', 'quote_trading_pair': 'RED-USDT', 'base_side': 1, 'grid_config_base': {'start_price': 0.6075295445198112, 'end_price': 0.7698704554801888, 'limit_price': 0.5669443167797168, 'min_order_amount_quote': 6.5, 'order_frequency': 5}, 'grid_config_quote': {'start_price': 0.4344710398884771, 'end_price': 0.497528960111523, 'limit_price': 0.5132934401672845, 'min_order_amount_quote': 6.5, 'order_frequency': 5}, 'leverage': 50, 'position_mode': 'HEDGE', 'min_spread_between_orders': 0.0004, 'max_open_orders': 3, 'max_orders_per_batch': 1, 'activation_bounds': 0.0003, 'safe_extra_spread': 0.0002, 'deduct_base_fees': False, 'triple_barrier_config': {'stop_loss': 0.1, 'take_profit': 0.0008, 'time_limit': 259200, 'trailing_stop': {'activation_price': 0.03, 'trailing_delta': 0.005}, 'open_order_type': 2, 'take_profit_order_type': 1, 'stop_loss_order_type': 1, 'time_limit_order_type': 1}}",76.92307692307692,0.002110431842484909,405.85227740094405,76.92307692307692,-84.5278641399963,-0.0845278641399963,0.0039792317199999925,1860,12946.118199999999,579.85,"{'controller_name': 'stat_arb', 'controller_type': 'generic', 'total_amount_quote': 1000.0, 'manual_kill_switch': None, 'candles_config': [], 'coerce_tp_to_step': True, 'connector_name': 'binance_perpetual', 'base_trading_pair': 'ADA-USDT', 'quote_trading_pair': 'RED-USDT', 'base_side': 1, 'grid_config_base': {'start_price': 0.6075295445198112, 'end_price': 0.7698704554801888, 'limit_price': 0.5669443167797168, 'min_order_amount_quote': 6.5, 'order_frequency': 5}, 'grid_config_quote': {'start_price': 0.4344710398884771, 'end_price': 0.497528960111523, 'limit_price': 0.5132934401672845, 'min_order_amount_quote': 6.5, 'order_frequency': 5}, 'leverage': 50, 'position_mode': 'HEDGE', 'min_spread_between_orders': 0.0004, 'max_open_orders': 3, 'max_orders_per_batch': 1, 'activation_bounds': 0.0003, 'safe_extra_spread': 0.0002, 'deduct_base_fees': False, 'triple_barrier_config': {'stop_loss': 0.1, 'take_profit': 0.0008, 'time_limit': 259200, 'trailing_stop': {'activation_price': 0.03, 'trailing_delta': 0.005}, 'open_order_type': 2, 'take_profit_order_type': 1, 'stop_loss_order_type': 1, 'time_limit_order_type': 1}}",76.92307692307692,0.0008197529628995968,157.64480055761476,76.92307692307692
binance-perpetual||ADA-USDT||RED-USDT||2025||isoweek11||step-0.0010_3-0010,binance_perpetual-2025-11-3-0010-batch3-2025.sqlite,ADA-USDT+RED-USDT,2025-03-12 00:18:50,2025-03-12 09:58:40,9.66388888888889,6.2094590299997705,-0.006015066940000174,0.006762590029999709,143,1070.1284,294.43333333333334,"{'controller_name': 'stat_arb', 'controller_type': 'generic', 'total_amount_quote': 1000.0, 'manual_kill_switch': None, 'candles_config': [], 'coerce_tp_to_step': True, 'connector_name': 'binance_perpetual', 'base_trading_pair': 'ADA-USDT', 'quote_trading_pair': 'RED-USDT', 'base_side': 1, 'grid_config_base': {'start_price': 0.6075295445198112, 'end_price': 0.7698704554801888, 'limit_price': 0.5669443167797168, 'min_order_amount_quote': 6.5, 'order_frequency': 5}, 'grid_config_quote': {'start_price': 0.4344710398884771, 'end_price': 0.497528960111523, 'limit_price': 0.5132934401672845, 'min_order_amount_quote': 6.5, 'order_frequency': 5}, 'leverage': 50, 'position_mode': 'HEDGE', 'min_spread_between_orders': 0.0004, 'max_open_orders': 3, 'max_orders_per_batch': 1, 'activation_bounds': 0.0003, 'safe_extra_spread': 0.0002, 'deduct_base_fees': False, 'triple_barrier_config': {'stop_loss': 0.1, 'take_profit': 0.0008, 'time_limit': 259200, 'trailing_stop': {'activation_price': 0.03, 'trailing_delta': 0.005}, 'open_order_type': 2, 'take_profit_order_type': 1, 'stop_loss_order_type': 1, 'time_limit_order_type': 1}}",76.92307692307692,0.002110431842484909,405.85227740094405,76.92307692307692,-84.71260217999871,-0.08471260217999871,0.0037670293700001038,1844,12886.127,579.8333333333334,"{'controller_name': 'stat_arb', 'controller_type': 'generic', 'total_amount_quote': 1000.0, 'manual_kill_switch': None, 'candles_config': [], 'coerce_tp_to_step': True, 'connector_name': 'binance_perpetual', 'base_trading_pair': 'ADA-USDT', 'quote_trading_pair': 'RED-USDT', 'base_side': 1, 'grid_config_base': {'start_price': 0.6075295445198112, 'end_price': 0.7698704554801888, 'limit_price': 0.5669443167797168, 'min_order_amount_quote': 6.5, 'order_frequency': 5}, 'grid_config_quote': {'start_price': 0.4344710398884771, 'end_price': 0.497528960111523, 'limit_price': 0.5132934401672845, 'min_order_amount_quote': 6.5, 'order_frequency': 5}, 'leverage': 50, 'position_mode': 'HEDGE', 'min_spread_between_orders': 0.0004, 'max_open_orders': 3, 'max_orders_per_batch': 1, 'activation_bounds': 0.0003, 'safe_extra_spread': 0.0002, 'deduct_base_fees': False, 'triple_barrier_config': {'stop_loss': 0.1, 'take_profit': 0.0008, 'time_limit': 259200, 'trailing_stop': {'activation_price': 0.03, 'trailing_delta': 0.005}, 'open_order_type': 2, 'take_profit_order_type': 1, 'stop_loss_order_type': 1, 'time_limit_order_type': 1}}",76.92307692307692,0.0008197529628995968,157.64480055761476,76.92307692307692
binance-perpetual||ADA-USDT||RED-USDT||2025||isoweek11||step-0.0015_3-0010,binance_perpetual-2025-11-3-0010-batch3-2025.sqlite,ADA-USDT+RED-USDT,2025-03-12 00:18:50,2025-03-12 09:58:37,9.663055555555555,6.307704179999893,-0.005955004030000148,0.006860835179999738,152,1097.7055,294.43333333333334,"{'controller_name': 'stat_arb', 'controller_type': 'generic', 'total_amount_quote': 1000.0, 'manual_kill_switch': None, 'candles_config': [], 'coerce_tp_to_step': True, 'connector_name': 'binance_perpetual', 'base_trading_pair': 'ADA-USDT', 'quote_trading_pair': 'RED-USDT', 'base_side': 1, 'grid_config_base': {'start_price': 0.6075295445198112, 'end_price': 0.7698704554801888, 'limit_price': 0.5669443167797168, 'min_order_amount_quote': 6.5, 'order_frequency': 5}, 'grid_config_quote': {'start_price': 0.4344710398884771, 'end_price': 0.497528960111523, 'limit_price': 0.5132934401672845, 'min_order_amount_quote': 6.5, 'order_frequency': 5}, 'leverage': 50, 'position_mode': 'HEDGE', 'min_spread_between_orders': 0.0004, 'max_open_orders': 3, 'max_orders_per_batch': 1, 'activation_bounds': 0.0003, 'safe_extra_spread': 0.0002, 'deduct_base_fees': False, 'triple_barrier_config': {'stop_loss': 0.1, 'take_profit': 0.0008, 'time_limit': 259200, 'trailing_stop': {'activation_price': 0.03, 'trailing_delta': 0.005}, 'open_order_type': 2, 'take_profit_order_type': 1, 'stop_loss_order_type': 1, 'time_limit_order_type': 1}}",76.92307692307692,0.002110431842484909,405.85227740094405,76.92307692307692,-84.38503565000576,-0.08438503565000575,0.003993837369999285,1865,12972.938300000002,579.7833333333333,"{'controller_name': 'stat_arb', 'controller_type': 'generic', 'total_amount_quote': 1000.0, 'manual_kill_switch': None, 'candles_config': [], 'coerce_tp_to_step': True, 'connector_name': 'binance_perpetual', 'base_trading_pair': 'ADA-USDT', 'quote_trading_pair': 'RED-USDT', 'base_side': 1, 'grid_config_base': {'start_price': 0.6075295445198112, 'end_price': 0.7698704554801888, 'limit_price': 0.5669443167797168, 'min_order_amount_quote': 6.5, 'order_frequency': 5}, 'grid_config_quote': {'start_price': 0.4344710398884771, 'end_price': 0.497528960111523, 'limit_price': 0.5132934401672845, 'min_order_amount_quote': 6.5, 'order_frequency': 5}, 'leverage': 50, 'position_mode': 'HEDGE', 'min_spread_between_orders': 0.0004, 'max_open_orders': 3, 'max_orders_per_batch': 1, 'activation_bounds': 0.0003, 'safe_extra_spread': 0.0002, 'deduct_base_fees': False, 'triple_barrier_config': {'stop_loss': 0.1, 'take_profit': 0.0008, 'time_limit': 259200, 'trailing_stop': {'activation_price': 0.03, 'trailing_delta': 0.005}, 'open_order_type': 2, 'take_profit_order_type': 1, 'stop_loss_order_type': 1, 'time_limit_order_type': 1}}",76.92307692307692,0.0008197529628995968,157.64480055761476,76.92307692307692
binance-perpetual||ADA-USDT||RED-USDT||2025||isoweek11||step-0.0020_3-0010,binance_perpetual-2025-11-3-0010-batch3-2025.sqlite,ADA-USDT+RED-USDT,2025-03-12 00:18:50,2025-03-12 09:58:37,9.663055555555555,6.251776729999584,-0.005970939150000177,0.006847512279999655,152,1099.1042,294.43333333333334,"{'controller_name': 'stat_arb', 'controller_type': 'generic', 'total_amount_quote': 1000.0, 'manual_kill_switch': None, 'candles_config': [], 'coerce_tp_to_step': True, 'connector_name': 'binance_perpetual', 'base_trading_pair': 'ADA-USDT', 'quote_trading_pair': 'RED-USDT', 'base_side': 1, 'grid_config_base': {'start_price': 0.6075295445198112, 'end_price': 0.7698704554801888, 'limit_price': 0.5669443167797168, 'min_order_amount_quote': 6.5, 'order_frequency': 5}, 'grid_config_quote': {'start_price': 0.4344710398884771, 'end_price': 0.497528960111523, 'limit_price': 0.5132934401672845, 'min_order_amount_quote': 6.5, 'order_frequency': 5}, 'leverage': 50, 'position_mode': 'HEDGE', 'min_spread_between_orders': 0.0004, 'max_open_orders': 3, 'max_orders_per_batch': 1, 'activation_bounds': 0.0003, 'safe_extra_spread': 0.0002, 'deduct_base_fees': False, 'triple_barrier_config': {'stop_loss': 0.1, 'take_profit': 0.0008, 'time_limit': 259200, 'trailing_stop': {'activation_price': 0.03, 'trailing_delta': 0.005}, 'open_order_type': 2, 'take_profit_order_type': 1, 'stop_loss_order_type': 1, 'time_limit_order_type': 1}}",76.92307692307692,0.002110431842484909,405.85227740094405,76.92307692307692,-83.97634755000404,-0.08397634755000404,0.00392092365000026,1847,12956.912100000001,579.7833333333333,"{'controller_name': 'stat_arb', 'controller_type': 'generic', 'total_amount_quote': 1000.0, 'manual_kill_switch': None, 'candles_config': [], 'coerce_tp_to_step': True, 'connector_name': 'binance_perpetual', 'base_trading_pair': 'ADA-USDT', 'quote_trading_pair': 'RED-USDT', 'base_side': 1, 'grid_config_base': {'start_price': 0.6075295445198112, 'end_price': 0.7698704554801888, 'limit_price': 0.5669443167797168, 'min_order_amount_quote': 6.5, 'order_frequency': 5}, 'grid_config_quote': {'start_price': 0.4344710398884771, 'end_price': 0.497528960111523, 'limit_price': 0.5132934401672845, 'min_order_amount_quote': 6.5, 'order_frequency': 5}, 'leverage': 50, 'position_mode': 'HEDGE', 'min_spread_between_orders': 0.0004, 'max_open_orders': 3, 'max_orders_per_batch': 1, 'activation_bounds': 0.0003, 'safe_extra_spread': 0.0002, 'deduct_base_fees': False, 'triple_barrier_config': {'stop_loss': 0.1, 'take_profit': 0.0008, 'time_limit': 259200, 'trailing_stop': {'activation_price': 0.03, 'trailing_delta': 0.005}, 'open_order_type': 2, 'take_profit_order_type': 1, 'stop_loss_order_type': 1, 'time_limit_order_type': 1}}",76.92307692307692,0.0008197529628995968,157.64480055761476,76.92307692307692
binance-perpetual||ADA-USDT||RED-USDT||2025||isoweek11||step-0.0050_3-0010,binance_perpetual-2025-11-3-0010-batch3-2025.sqlite,ADA-USDT+RED-USDT,2025-03-12 00:18:50,2025-03-12 09:58:41,9.664166666666667,6.2610961899995665,-0.005962418620000219,0.006865927189999577,145,1100.5232,294.6,"{'controller_name': 'stat_arb', 'controller_type': 'generic', 'total_amount_quote': 1000.0, 'manual_kill_switch': None, 'candles_config': [], 'coerce_tp_to_step': True, 'connector_name': 'binance_perpetual', 'base_trading_pair': 'ADA-USDT', 'quote_trading_pair': 'RED-USDT', 'base_side': 1, 'grid_config_base': {'start_price': 0.6075295445198112, 'end_price': 0.7698704554801888, 'limit_price': 0.5669443167797168, 'min_order_amount_quote': 6.5, 'order_frequency': 5}, 'grid_config_quote': {'start_price': 0.4344710398884771, 'end_price': 0.497528960111523, 'limit_price': 0.5132934401672845, 'min_order_amount_quote': 6.5, 'order_frequency': 5}, 'leverage': 50, 'position_mode': 'HEDGE', 'min_spread_between_orders': 0.0004, 'max_open_orders': 3, 'max_orders_per_batch': 1, 'activation_bounds': 0.0003, 'safe_extra_spread': 0.0002, 'deduct_base_fees': False, 'triple_barrier_config': {'stop_loss': 0.1, 'take_profit': 0.0008, 'time_limit': 259200, 'trailing_stop': {'activation_price': 0.03, 'trailing_delta': 0.005}, 'open_order_type': 2, 'take_profit_order_type': 1, 'stop_loss_order_type': 1, 'time_limit_order_type': 1}}",76.92307692307692,0.002110431842484909,405.85227740094405,76.92307692307692,-84.5278641399963,-0.0845278641399963,0.0039792317199999925,1860,12946.118199999999,579.85,"{'controller_name': 'stat_arb', 'controller_type': 'generic', 'total_amount_quote': 1000.0, 'manual_kill_switch': None, 'candles_config': [], 'coerce_tp_to_step': True, 'connector_name': 'binance_perpetual', 'base_trading_pair': 'ADA-USDT', 'quote_trading_pair': 'RED-USDT', 'base_side': 1, 'grid_config_base': {'start_price': 0.6075295445198112, 'end_price': 0.7698704554801888, 'limit_price': 0.5669443167797168, 'min_order_amount_quote': 6.5, 'order_frequency': 5}, 'grid_config_quote': {'start_price': 0.4344710398884771, 'end_price': 0.497528960111523, 'limit_price': 0.5132934401672845, 'min_order_amount_quote': 6.5, 'order_frequency': 5}, 'leverage': 50, 'position_mode': 'HEDGE', 'min_spread_between_orders': 0.0004, 'max_open_orders': 3, 'max_orders_per_batch': 1, 'activation_bounds': 0.0003, 'safe_extra_spread': 0.0002, 'deduct_base_fees': False, 'triple_barrier_config': {'stop_loss': 0.1, 'take_profit': 0.0008, 'time_limit': 259200, 'trailing_stop': {'activation_price': 0.03, 'trailing_delta': 0.005}, 'open_order_type': 2, 'take_profit_order_type': 1, 'stop_loss_order_type': 1, 'time_limit_order_type': 1}}",76.92307692307692,0.0008197529628995968,157.64480055761476,76.92307692307692
binance-perpetual||BOME-USDT||SWARMS-USDT||2025||isoweek11||step-0.0010_3-0010,binance_perpetual-2025-11-3-0010-batch1-2025.sqlite,BOME-USDT+SWARMS-USDT,2025-03-12 00:19:31,2025-03-12 07:10:50,6.855277777777777,11.24289988999897,-0.0074603666600001894,0.01180108979999903,277,2036.705548,331.25,"{'controller_name': 'stat_arb', 'controller_type': 'generic', 'total_amount_quote': 1000.0, 'manual_kill_switch': None, 'candles_config': [], 'coerce_tp_to_step': True, 'connector_name': 'binance_perpetual', 'base_trading_pair': 'BOME-USDT', 'quote_trading_pair': 'SWARMS-USDT', 'base_side': 1, 'grid_config_base': {'start_price': 0.0011881063277840056, 'end_price': 0.0013838936722159944, 'limit_price': 0.0011391594916760085, 'min_order_amount_quote': 6.5, 'order_frequency': 5}, 'grid_config_quote': {'start_price': 0.037458615887512446, 'end_price': 0.04454138411248755, 'limit_price': 0.04631207616873133, 'min_order_amount_quote': 6.5, 'order_frequency': 5}, 'leverage': 50, 'position_mode': 'HEDGE', 'min_spread_between_orders': 0.0004, 'max_open_orders': 3, 'max_orders_per_batch': 1, 'activation_bounds': 0.0003, 'safe_extra_spread': 0.0002, 'deduct_base_fees': False, 'triple_barrier_config': {'stop_loss': 0.1, 'take_profit': 0.0008, 'time_limit': 259200, 'trailing_stop': {'activation_price': 0.03, 'trailing_delta': 0.005}, 'open_order_type': 2, 'take_profit_order_type': 1, 'stop_loss_order_type': 1, 'time_limit_order_type': 1}}",0.48946836107997194,0.0004,0.48946836107997194,76.92307692307692,11.677034510001562,-0.020306150699998093,0.012154931290001747,759,5304.063899999999,411.31666666666666,"{'controller_name': 'stat_arb', 'controller_type': 'generic', 'total_amount_quote': 1000.0, 'manual_kill_switch': None, 'candles_config': [], 'coerce_tp_to_step': True, 'connector_name': 'binance_perpetual', 'base_trading_pair': 'BOME-USDT', 'quote_trading_pair': 'SWARMS-USDT', 'base_side': 1, 'grid_config_base': {'start_price': 0.0011881063277840056, 'end_price': 0.0013838936722159944, 'limit_price': 0.0011391594916760085, 'min_order_amount_quote': 6.5, 'order_frequency': 5}, 'grid_config_quote': {'start_price': 0.037458615887512446, 'end_price': 0.04454138411248755, 'limit_price': 0.04631207616873133, 'min_order_amount_quote': 6.5, 'order_frequency': 5}, 'leverage': 50, 'position_mode': 'HEDGE', 'min_spread_between_orders': 0.0004, 'max_open_orders': 3, 'max_orders_per_batch': 1, 'activation_bounds': 0.0003, 'safe_extra_spread': 0.0002, 'deduct_base_fees': False, 'triple_barrier_config': {'stop_loss': 0.1, 'take_profit': 0.0008, 'time_limit': 259200, 'trailing_stop': {'activation_price': 0.03, 'trailing_delta': 0.005}, 'open_order_type': 2, 'take_profit_order_type': 1, 'stop_loss_order_type': 1, 'time_limit_order_type': 1}}",17.70692056243776,0.0004,17.70692056243776,76.92307692307692
binance-perpetual||BOME-USDT||SWARMS-USDT||2025||isoweek11||step-0.0015_3-0010,binance_perpetual-2025-11-3-0010-batch1-2025.sqlite,BOME-USDT+SWARMS-USDT,2025-03-12 00:19:31,2025-03-12 06:53:38,6.568611111111111,10.881751689999128,-0.00775831356000018,0.011438992339999031,266,1995.28502,331.25,"{'controller_name': 'stat_arb', 'controller_type': 'generic', 'total_amount_quote': 1000.0, 'manual_kill_switch': None, 'candles_config': [], 'coerce_tp_to_step': True, 'connector_name': 'binance_perpetual', 'base_trading_pair': 'BOME-USDT', 'quote_trading_pair': 'SWARMS-USDT', 'base_side': 1, 'grid_config_base': {'start_price': 0.0011881063277840056, 'end_price': 0.0013838936722159944, 'limit_price': 0.0011391594916760085, 'min_order_amount_quote': 6.5, 'order_frequency': 5}, 'grid_config_quote': {'start_price': 0.037458615887512446, 'end_price': 0.04454138411248755, 'limit_price': 0.04631207616873133, 'min_order_amount_quote': 6.5, 'order_frequency': 5}, 'leverage': 50, 'position_mode': 'HEDGE', 'min_spread_between_orders': 0.0004, 'max_open_orders': 3, 'max_orders_per_batch': 1, 'activation_bounds': 0.0003, 'safe_extra_spread': 0.0002, 'deduct_base_fees': False, 'triple_barrier_config': {'stop_loss': 0.1, 'take_profit': 0.0008, 'time_limit': 259200, 'trailing_stop': {'activation_price': 0.03, 'trailing_delta': 0.005}, 'open_order_type': 2, 'take_profit_order_type': 1, 'stop_loss_order_type': 1, 'time_limit_order_type': 1}}",0.48946836107997194,0.0004,0.48946836107997194,76.92307692307692,10.732696120001957,-0.020232179209997883,0.011408802000002095,731,5221.972,394.1166666666667,"{'controller_name': 'stat_arb', 'controller_type': 'generic', 'total_amount_quote': 1000.0, 'manual_kill_switch': None, 'candles_config': [], 'coerce_tp_to_step': True, 'connector_name': 'binance_perpetual', 'base_trading_pair': 'BOME-USDT', 'quote_trading_pair': 'SWARMS-USDT', 'base_side': 1, 'grid_config_base': {'start_price': 0.0011881063277840056, 'end_price': 0.0013838936722159944, 'limit_price': 0.0011391594916760085, 'min_order_amount_quote': 6.5, 'order_frequency': 5}, 'grid_config_quote': {'start_price': 0.037458615887512446, 'end_price': 0.04454138411248755, 'limit_price': 0.04631207616873133, 'min_order_amount_quote': 6.5, 'order_frequency': 5}, 'leverage': 50, 'position_mode': 'HEDGE', 'min_spread_between_orders': 0.0004, 'max_open_orders': 3, 'max_orders_per_batch': 1, 'activation_bounds': 0.0003, 'safe_extra_spread': 0.0002, 'deduct_base_fees': False, 'triple_barrier_config': {'stop_loss': 0.1, 'take_profit': 0.0008, 'time_limit': 259200, 'trailing_stop': {'activation_price': 0.03, 'trailing_delta': 0.005}, 'open_order_type': 2, 'take_profit_order_type': 1, 'stop_loss_order_type': 1, 'time_limit_order_type': 1}}",17.70692056243776,0.0004,17.70692056243776,76.92307692307692
binance-perpetual||BOME-USDT||SWARMS-USDT||2025||isoweek11||step-0.0020_3-0010,binance_perpetual-2025-11-3-0010-batch1-2025.sqlite,BOME-USDT+SWARMS-USDT,2025-03-12 00:19:31,2025-03-12 07:10:50,6.855277777777777,11.043698529999071,-0.007613467700000197,0.011679087689999161,277,2022.8299410000002,331.25,"{'controller_name': 'stat_arb', 'controller_type': 'generic', 'total_amount_quote': 1000.0, 'manual_kill_switch': None, 'candles_config': [], 'coerce_tp_to_step': True, 'connector_name': 'binance_perpetual', 'base_trading_pair': 'BOME-USDT', 'quote_trading_pair': 'SWARMS-USDT', 'base_side': 1, 'grid_config_base': {'start_price': 0.0011881063277840056, 'end_price': 0.0013838936722159944, 'limit_price': 0.0011391594916760085, 'min_order_amount_quote': 6.5, 'order_frequency': 5}, 'grid_config_quote': {'start_price': 0.037458615887512446, 'end_price': 0.04454138411248755, 'limit_price': 0.04631207616873133, 'min_order_amount_quote': 6.5, 'order_frequency': 5}, 'leverage': 50, 'position_mode': 'HEDGE', 'min_spread_between_orders': 0.0004, 'max_open_orders': 3, 'max_orders_per_batch': 1, 'activation_bounds': 0.0003, 'safe_extra_spread': 0.0002, 'deduct_base_fees': False, 'triple_barrier_config': {'stop_loss': 0.1, 'take_profit': 0.0008, 'time_limit': 259200, 'trailing_stop': {'activation_price': 0.03, 'trailing_delta': 0.005}, 'open_order_type': 2, 'take_profit_order_type': 1, 'stop_loss_order_type': 1, 'time_limit_order_type': 1}}",0.48946836107997194,0.0004,0.48946836107997194,76.92307692307692,11.70381674000027,-0.020210405159997915,0.012219222370000721,750,5317.8812,411.31666666666666,"{'controller_name': 'stat_arb', 'controller_type': 'generic', 'total_amount_quote': 1000.0, 'manual_kill_switch': None, 'candles_config': [], 'coerce_tp_to_step': True, 'connector_name': 'binance_perpetual', 'base_trading_pair': 'BOME-USDT', 'quote_trading_pair': 'SWARMS-USDT', 'base_side': 1, 'grid_config_base': {'start_price': 0.0011881063277840056, 'end_price': 0.0013838936722159944, 'limit_price': 0.0011391594916760085, 'min_order_amount_quote': 6.5, 'order_frequency': 5}, 'grid_config_quote': {'start_price': 0.037458615887512446, 'end_price': 0.04454138411248755, 'limit_price': 0.04631207616873133, 'min_order_amount_quote': 6.5, 'order_frequency': 5}, 'leverage': 50, 'position_mode': 'HEDGE', 'min_spread_between_orders': 0.0004, 'max_open_orders': 3, 'max_orders_per_batch': 1, 'activation_bounds': 0.0003, 'safe_extra_spread': 0.0002, 'deduct_base_fees': False, 'triple_barrier_config': {'stop_loss': 0.1, 'take_profit': 0.0008, 'time_limit': 259200, 'trailing_stop': {'activation_price': 0.03, 'trailing_delta': 0.005}, 'open_order_type': 2, 'take_profit_order_type': 1, 'stop_loss_order_type': 1, 'time_limit_order_type': 1}}",17.70692056243776,0.0004,17.70692056243776,76.92307692307692
binance-perpetual||BOME-USDT||SWARMS-USDT||2025||isoweek11||step-0.0050_3-0010,binance_perpetual-2025-11-3-0010-batch1-2025.sqlite,BOME-USDT+SWARMS-USDT,2025-03-12 00:19:31,2025-03-12 07:10:50,6.855277777777777,11.09972921999945,-0.007616149250000146,0.011662745959999235,277,2036.6003460000002,331.25,"{'controller_name': 'stat_arb', 'controller_type': 'generic', 'total_amount_quote': 1000.0, 'manual_kill_switch': None, 'candles_config': [], 'coerce_tp_to_step': True, 'connector_name': 'binance_perpetual', 'base_trading_pair': 'BOME-USDT', 'quote_trading_pair': 'SWARMS-USDT', 'base_side': 1, 'grid_config_base': {'start_price': 0.0011881063277840056, 'end_price': 0.0013838936722159944, 'limit_price': 0.0011391594916760085, 'min_order_amount_quote': 6.5, 'order_frequency': 5}, 'grid_config_quote': {'start_price': 0.037458615887512446, 'end_price': 0.04454138411248755, 'limit_price': 0.04631207616873133, 'min_order_amount_quote': 6.5, 'order_frequency': 5}, 'leverage': 50, 'position_mode': 'HEDGE', 'min_spread_between_orders': 0.0004, 'max_open_orders': 3, 'max_orders_per_batch': 1, 'activation_bounds': 0.0003, 'safe_extra_spread': 0.0002, 'deduct_base_fees': False, 'triple_barrier_config': {'stop_loss': 0.1, 'take_profit': 0.0008, 'time_limit': 259200, 'trailing_stop': {'activation_price': 0.03, 'trailing_delta': 0.005}, 'open_order_type': 2, 'take_profit_order_type': 1, 'stop_loss_order_type': 1, 'time_limit_order_type': 1}}",0.48946836107997194,0.0004,0.48946836107997194,76.92307692307692,11.627916260000758,-0.020240927529997867,0.012105593690000827,743,5248.780699999999,411.31666666666666,"{'controller_name': 'stat_arb', 'controller_type': 'generic', 'total_amount_quote': 1000.0, 'manual_kill_switch': None, 'candles_config': [], 'coerce_tp_to_step': True, 'connector_name': 'binance_perpetual', 'base_trading_pair': 'BOME-USDT', 'quote_trading_pair': 'SWARMS-USDT', 'base_side': 1, 'grid_config_base': {'start_price': 0.0011881063277840056, 'end_price': 0.0013838936722159944, 'limit_price': 0.0011391594916760085, 'min_order_amount_quote': 6.5, 'order_frequency': 5}, 'grid_config_quote': {'start_price': 0.037458615887512446, 'end_price': 0.04454138411248755, 'limit_price': 0.04631207616873133, 'min_order_amount_quote': 6.5, 'order_frequency': 5}, 'leverage': 50, 'position_mode': 'HEDGE', 'min_spread_between_orders': 0.0004, 'max_open_orders': 3, 'max_orders_per_batch': 1, 'activation_bounds': 0.0003, 'safe_extra_spread': 0.0002, 'deduct_base_fees': False, 'triple_barrier_config': {'stop_loss': 0.1, 'take_profit': 0.0008, 'time_limit': 259200, 'trailing_stop': {'activation_price': 0.03, 'trailing_delta': 0.005}, 'open_order_type': 2, 'take_profit_order_type': 1, 'stop_loss_order_type': 1, 'time_limit_order_type': 1}}",17.70692056243776,0.0004,17.70692056243776,76.92307692307692
binance-perpetual||BOME-USDT||SWARMS-USDT||2025||isoweek11||step-0.0010_3-0010,binance_perpetual-2025-11-3-0010-batch1-2025.sqlite,BOME-USDT+SWARMS-USDT,2025-03-12 00:19:31,2025-03-12 07:10:50,6.855277777777777,11.24289988999897,-0.0074603666600001894,0.01180108979999903,277,2036.705548,331.25,"{'controller_name': 'stat_arb', 'controller_type': 'generic', 'total_amount_quote': 1000.0, 'manual_kill_switch': None, 'candles_config': [], 'coerce_tp_to_step': True, 'connector_name': 'binance_perpetual', 'base_trading_pair': 'BOME-USDT', 'quote_trading_pair': 'SWARMS-USDT', 'base_side': 1, 'grid_config_base': {'start_price': 0.0011881063277840056, 'end_price': 0.0013838936722159944, 'limit_price': 0.0011391594916760085, 'min_order_amount_quote': 6.5, 'order_frequency': 5}, 'grid_config_quote': {'start_price': 0.037458615887512446, 'end_price': 0.04454138411248755, 'limit_price': 0.04631207616873133, 'min_order_amount_quote': 6.5, 'order_frequency': 5}, 'leverage': 50, 'position_mode': 'HEDGE', 'min_spread_between_orders': 0.0004, 'max_open_orders': 3, 'max_orders_per_batch': 1, 'activation_bounds': 0.0003, 'safe_extra_spread': 0.0002, 'deduct_base_fees': False, 'triple_barrier_config': {'stop_loss': 0.1, 'take_profit': 0.0008, 'time_limit': 259200, 'trailing_stop': {'activation_price': 0.03, 'trailing_delta': 0.005}, 'open_order_type': 2, 'take_profit_order_type': 1, 'stop_loss_order_type': 1, 'time_limit_order_type': 1}}",0.48946836107997194,0.0004,0.48946836107997194,76.92307692307692,11.677034510001562,-0.020306150699998093,0.012154931290001747,759,5304.063899999999,411.31666666666666,"{'controller_name': 'stat_arb', 'controller_type': 'generic', 'total_amount_quote': 1000.0, 'manual_kill_switch': None, 'candles_config': [], 'coerce_tp_to_step': True, 'connector_name': 'binance_perpetual', 'base_trading_pair': 'BOME-USDT', 'quote_trading_pair': 'SWARMS-USDT', 'base_side': 1, 'grid_config_base': {'start_price': 0.0011881063277840056, 'end_price': 0.0013838936722159944, 'limit_price': 0.0011391594916760085, 'min_order_amount_quote': 6.5, 'order_frequency': 5}, 'grid_config_quote': {'start_price': 0.037458615887512446, 'end_price': 0.04454138411248755, 'limit_price': 0.04631207616873133, 'min_order_amount_quote': 6.5, 'order_frequency': 5}, 'leverage': 50, 'position_mode': 'HEDGE', 'min_spread_between_orders': 0.0004, 'max_open_orders': 3, 'max_orders_per_batch': 1, 'activation_bounds': 0.0003, 'safe_extra_spread': 0.0002, 'deduct_base_fees': False, 'triple_barrier_config': {'stop_loss': 0.1, 'take_profit': 0.0008, 'time_limit': 259200, 'trailing_stop': {'activation_price': 0.03, 'trailing_delta': 0.005}, 'open_order_type': 2, 'take_profit_order_type': 1, 'stop_loss_order_type': 1, 'time_limit_order_type': 1}}",17.70692056243776,0.0004,17.70692056243776,76.92307692307692
binance-perpetual||BOME-USDT||SWARMS-USDT||2025||isoweek11||step-0.0015_3-0010,binance_perpetual-2025-11-3-0010-batch1-2025.sqlite,BOME-USDT+SWARMS-USDT,2025-03-12 00:19:31,2025-03-12 06:53:38,6.568611111111111,10.881751689999128,-0.00775831356000018,0.011438992339999031,266,1995.28502,331.25,"{'controller_name': 'stat_arb', 'controller_type': 'generic', 'total_amount_quote': 1000.0, 'manual_kill_switch': None, 'candles_config': [], 'coerce_tp_to_step': True, 'connector_name': 'binance_perpetual', 'base_trading_pair': 'BOME-USDT', 'quote_trading_pair': 'SWARMS-USDT', 'base_side': 1, 'grid_config_base': {'start_price': 0.0011881063277840056, 'end_price': 0.0013838936722159944, 'limit_price': 0.0011391594916760085, 'min_order_amount_quote': 6.5, 'order_frequency': 5}, 'grid_config_quote': {'start_price': 0.037458615887512446, 'end_price': 0.04454138411248755, 'limit_price': 0.04631207616873133, 'min_order_amount_quote': 6.5, 'order_frequency': 5}, 'leverage': 50, 'position_mode': 'HEDGE', 'min_spread_between_orders': 0.0004, 'max_open_orders': 3, 'max_orders_per_batch': 1, 'activation_bounds': 0.0003, 'safe_extra_spread': 0.0002, 'deduct_base_fees': False, 'triple_barrier_config': {'stop_loss': 0.1, 'take_profit': 0.0008, 'time_limit': 259200, 'trailing_stop': {'activation_price': 0.03, 'trailing_delta': 0.005}, 'open_order_type': 2, 'take_profit_order_type': 1, 'stop_loss_order_type': 1, 'time_limit_order_type': 1}}",0.48946836107997194,0.0004,0.48946836107997194,76.92307692307692,10.732696120001957,-0.020232179209997883,0.011408802000002095,731,5221.972,394.1166666666667,"{'controller_name': 'stat_arb', 'controller_type': 'generic', 'total_amount_quote': 1000.0, 'manual_kill_switch': None, 'candles_config': [], 'coerce_tp_to_step': True, 'connector_name': 'binance_perpetual', 'base_trading_pair': 'BOME-USDT', 'quote_trading_pair': 'SWARMS-USDT', 'base_side': 1, 'grid_config_base': {'start_price': 0.0011881063277840056, 'end_price': 0.0013838936722159944, 'limit_price': 0.0011391594916760085, 'min_order_amount_quote': 6.5, 'order_frequency': 5}, 'grid_config_quote': {'start_price': 0.037458615887512446, 'end_price': 0.04454138411248755, 'limit_price': 0.04631207616873133, 'min_order_amount_quote': 6.5, 'order_frequency': 5}, 'leverage': 50, 'position_mode': 'HEDGE', 'min_spread_between_orders': 0.0004, 'max_open_orders': 3, 'max_orders_per_batch': 1, 'activation_bounds': 0.0003, 'safe_extra_spread': 0.0002, 'deduct_base_fees': False, 'triple_barrier_config': {'stop_loss': 0.1, 'take_profit': 0.0008, 'time_limit': 259200, 'trailing_stop': {'activation_price': 0.03, 'trailing_delta': 0.005}, 'open_order_type': 2, 'take_profit_order_type': 1, 'stop_loss_order_type': 1, 'time_limit_order_type': 1}}",17.70692056243776,0.0004,17.70692056243776,76.92307692307692
binance-perpetual||BOME-USDT||SWARMS-USDT||2025||isoweek11||step-0.0020_3-0010,binance_perpetual-2025-11-3-0010-batch1-2025.sqlite,BOME-USDT+SWARMS-USDT,2025-03-12 00:19:31,2025-03-12 07:10:50,6.855277777777777,11.043698529999071,-0.007613467700000197,0.011679087689999161,277,2022.8299410000002,331.25,"{'controller_name': 'stat_arb', 'controller_type': 'generic', 'total_amount_quote': 1000.0, 'manual_kill_switch': None, 'candles_config': [], 'coerce_tp_to_step': True, 'connector_name': 'binance_perpetual', 'base_trading_pair': 'BOME-USDT', 'quote_trading_pair': 'SWARMS-USDT', 'base_side': 1, 'grid_config_base': {'start_price': 0.0011881063277840056, 'end_price': 0.0013838936722159944, 'limit_price': 0.0011391594916760085, 'min_order_amount_quote': 6.5, 'order_frequency': 5}, 'grid_config_quote': {'start_price': 0.037458615887512446, 'end_price': 0.04454138411248755, 'limit_price': 0.04631207616873133, 'min_order_amount_quote': 6.5, 'order_frequency': 5}, 'leverage': 50, 'position_mode': 'HEDGE', 'min_spread_between_orders': 0.0004, 'max_open_orders': 3, 'max_orders_per_batch': 1, 'activation_bounds': 0.0003, 'safe_extra_spread': 0.0002, 'deduct_base_fees': False, 'triple_barrier_config': {'stop_loss': 0.1, 'take_profit': 0.0008, 'time_limit': 259200, 'trailing_stop': {'activation_price': 0.03, 'trailing_delta': 0.005}, 'open_order_type': 2, 'take_profit_order_type': 1, 'stop_loss_order_type': 1, 'time_limit_order_type': 1}}",0.48946836107997194,0.0004,0.48946836107997194,76.92307692307692,11.70381674000027,-0.020210405159997915,0.012219222370000721,750,5317.8812,411.31666666666666,"{'controller_name': 'stat_arb', 'controller_type': 'generic', 'total_amount_quote': 1000.0, 'manual_kill_switch': None, 'candles_config': [], 'coerce_tp_to_step': True, 'connector_name': 'binance_perpetual', 'base_trading_pair': 'BOME-USDT', 'quote_trading_pair': 'SWARMS-USDT', 'base_side': 1, 'grid_config_base': {'start_price': 0.0011881063277840056, 'end_price': 0.0013838936722159944, 'limit_price': 0.0011391594916760085, 'min_order_amount_quote': 6.5, 'order_frequency': 5}, 'grid_config_quote': {'start_price': 0.037458615887512446, 'end_price': 0.04454138411248755, 'limit_price': 0.04631207616873133, 'min_order_amount_quote': 6.5, 'order_frequency': 5}, 'leverage': 50, 'position_mode': 'HEDGE', 'min_spread_between_orders': 0.0004, 'max_open_orders': 3, 'max_orders_per_batch': 1, 'activation_bounds': 0.0003, 'safe_extra_spread': 0.0002, 'deduct_base_fees': False, 'triple_barrier_config': {'stop_loss': 0.1, 'take_profit': 0.0008, 'time_limit': 259200, 'trailing_stop': {'activation_price': 0.03, 'trailing_delta': 0.005}, 'open_order_type': 2, 'take_profit_order_type': 1, 'stop_loss_order_type': 1, 'time_limit_order_type': 1}}",17.70692056243776,0.0004,17.70692056243776,76.92307692307692
binance-perpetual||BOME-USDT||SWARMS-USDT||2025||isoweek11||step-0.0050_3-0010,binance_perpetual-2025-11-3-0010-batch1-2025.sqlite,BOME-USDT+SWARMS-USDT,2025-03-12 00:19:31,2025-03-12 07:10:50,6.855277777777777,11.09972921999945,-0.007616149250000146,0.011662745959999235,277,2036.6003460000002,331.25,"{'controller_name': 'stat_arb', 'controller_type': 'generic', 'total_amount_quote': 1000.0, 'manual_kill_switch': None, 'candles_config': [], 'coerce_tp_to_step': True, 'connector_name': 'binance_perpetual', 'base_trading_pair': 'BOME-USDT', 'quote_trading_pair': 'SWARMS-USDT', 'base_side': 1, 'grid_config_base': {'start_price': 0.0011881063277840056, 'end_price': 0.0013838936722159944, 'limit_price': 0.0011391594916760085, 'min_order_amount_quote': 6.5, 'order_frequency': 5}, 'grid_config_quote': {'start_price': 0.037458615887512446, 'end_price': 0.04454138411248755, 'limit_price': 0.04631207616873133, 'min_order_amount_quote': 6.5, 'order_frequency': 5}, 'leverage': 50, 'position_mode': 'HEDGE', 'min_spread_between_orders': 0.0004, 'max_open_orders': 3, 'max_orders_per_batch': 1, 'activation_bounds': 0.0003, 'safe_extra_spread': 0.0002, 'deduct_base_fees': False, 'triple_barrier_config': {'stop_loss': 0.1, 'take_profit': 0.0008, 'time_limit': 259200, 'trailing_stop': {'activation_price': 0.03, 'trailing_delta': 0.005}, 'open_order_type': 2, 'take_profit_order_type': 1, 'stop_loss_order_type': 1, 'time_limit_order_type': 1}}",0.48946836107997194,0.0004,0.48946836107997194,76.92307692307692,11.627916260000758,-0.020240927529997867,0.012105593690000827,743,5248.780699999999,411.31666666666666,"{'controller_name': 'stat_arb', 'controller_type': 'generic', 'total_amount_quote': 1000.0, 'manual_kill_switch': None, 'candles_config': [], 'coerce_tp_to_step': True, 'connector_name': 'binance_perpetual', 'base_trading_pair': 'BOME-USDT', 'quote_trading_pair': 'SWARMS-USDT', 'base_side': 1, 'grid_config_base': {'start_price': 0.0011881063277840056, 'end_price': 0.0013838936722159944, 'limit_price': 0.0011391594916760085, 'min_order_amount_quote': 6.5, 'order_frequency': 5}, 'grid_config_quote': {'start_price': 0.037458615887512446, 'end_price': 0.04454138411248755, 'limit_price': 0.04631207616873133, 'min_order_amount_quote': 6.5, 'order_frequency': 5}, 'leverage': 50, 'position_mode': 'HEDGE', 'min_spread_between_orders': 0.0004, 'max_open_orders': 3, 'max_orders_per_batch': 1, 'activation_bounds': 0.0003, 'safe_extra_spread': 0.0002, 'deduct_base_fees': False, 'triple_barrier_config': {'stop_loss': 0.1, 'take_profit': 0.0008, 'time_limit': 259200, 'trailing_stop': {'activation_price': 0.03, 'trailing_delta': 0.005}, 'open_order_type': 2, 'take_profit_order_type': 1, 'stop_loss_order_type': 1, 'time_limit_order_type': 1}}",17.70692056243776,0.0004,17.70692056243776,76.92307692307692
binance-perpetual||XRP-USDT||RED-USDT||2025||isoweek11||step-0.0010_3-0010,binance_perpetual-2025-11-3-0010-batch2-2025.sqlite,XRP-USDT+RED-USDT,2025-03-12 00:18:58,2025-03-12 09:54:49,9.5975,3.3612778799997294,-0.0032136243399998946,0.0038530697799997234,162,1135.58615,551.9,"{'controller_name': 'stat_arb', 'controller_type': 'generic', 'total_amount_quote': 1000.0, 'manual_kill_switch': None, 'candles_config': [], 'coerce_tp_to_step': True, 'connector_name': 'binance_perpetual', 'base_trading_pair': 'XRP-USDT', 'quote_trading_pair': 'RED-USDT', 'base_side': 1, 'grid_config_base': {'start_price': 1.8837351876086172, 'end_price': 2.281264812391383, 'limit_price': 1.784352781412926, 'min_order_amount_quote': 6.5, 'order_frequency': 5}, 'grid_config_quote': {'start_price': 0.42592013286339536, 'end_price': 0.5476798671366047, 'limit_price': 0.578119800704907, 'min_order_amount_quote': 6.5, 'order_frequency': 5}, 'leverage': 50, 'position_mode': 'HEDGE', 'min_spread_between_orders': 0.0004, 'max_open_orders': 3, 'max_orders_per_batch': 1, 'activation_bounds': 0.0003, 'safe_extra_spread': 0.0002, 'deduct_base_fees': False, 'triple_barrier_config': {'stop_loss': 0.1, 'take_profit': 0.0008, 'time_limit': 259200, 'trailing_stop': {'activation_price': 0.03, 'trailing_delta': 0.005}, 'open_order_type': 2, 'take_profit_order_type': 1, 'stop_loss_order_type': 1, 'time_limit_order_type': 1}}",76.92307692307692,0.005167885122175952,993.8240619569139,76.92307692307692,-25.646379070000272,-0.025646379070000273,0.0016323686899999957,314,2360.1837,575.85,"{'controller_name': 'stat_arb', 'controller_type': 'generic', 'total_amount_quote': 1000.0, 'manual_kill_switch': None, 'candles_config': [], 'coerce_tp_to_step': True, 'connector_name': 'binance_perpetual', 'base_trading_pair': 'XRP-USDT', 'quote_trading_pair': 'RED-USDT', 'base_side': 1, 'grid_config_base': {'start_price': 1.8837351876086172, 'end_price': 2.281264812391383, 'limit_price': 1.784352781412926, 'min_order_amount_quote': 6.5, 'order_frequency': 5}, 'grid_config_quote': {'start_price': 0.42592013286339536, 'end_price': 0.5476798671366047, 'limit_price': 0.578119800704907, 'min_order_amount_quote': 6.5, 'order_frequency': 5}, 'leverage': 50, 'position_mode': 'HEDGE', 'min_spread_between_orders': 0.0004, 'max_open_orders': 3, 'max_orders_per_batch': 1, 'activation_bounds': 0.0003, 'safe_extra_spread': 0.0002, 'deduct_base_fees': False, 'triple_barrier_config': {'stop_loss': 0.1, 'take_profit': 0.0008, 'time_limit': 259200, 'trailing_stop': {'activation_price': 0.03, 'trailing_delta': 0.005}, 'open_order_type': 2, 'take_profit_order_type': 1, 'stop_loss_order_type': 1, 'time_limit_order_type': 1}}",76.92307692307692,0.001582876545551721,304.39933568302325,76.92307692307692
binance-perpetual||XRP-USDT||RED-USDT||2025||isoweek11||step-0.0015_3-0010,binance_perpetual-2025-11-3-0010-batch2-2025.sqlite,XRP-USDT+RED-USDT,2025-03-12 00:18:58,2025-03-12 09:59:25,9.674166666666666,3.35240353000014,-0.0032167755499998866,0.003805464810000002,164,1135.6129999999998,551.9,"{'controller_name': 'stat_arb', 'controller_type': 'generic', 'total_amount_quote': 1000.0, 'manual_kill_switch': None, 'candles_config': [], 'coerce_tp_to_step': True, 'connector_name': 'binance_perpetual', 'base_trading_pair': 'XRP-USDT', 'quote_trading_pair': 'RED-USDT', 'base_side': 1, 'grid_config_base': {'start_price': 1.8837351876086172, 'end_price': 2.281264812391383, 'limit_price': 1.784352781412926, 'min_order_amount_quote': 6.5, 'order_frequency': 5}, 'grid_config_quote': {'start_price': 0.42592013286339536, 'end_price': 0.5476798671366047, 'limit_price': 0.578119800704907, 'min_order_amount_quote': 6.5, 'order_frequency': 5}, 'leverage': 50, 'position_mode': 'HEDGE', 'min_spread_between_orders': 0.0004, 'max_open_orders': 3, 'max_orders_per_batch': 1, 'activation_bounds': 0.0003, 'safe_extra_spread': 0.0002, 'deduct_base_fees': False, 'triple_barrier_config': {'stop_loss': 0.1, 'take_profit': 0.0008, 'time_limit': 259200, 'trailing_stop': {'activation_price': 0.03, 'trailing_delta': 0.005}, 'open_order_type': 2, 'take_profit_order_type': 1, 'stop_loss_order_type': 1, 'time_limit_order_type': 1}}",76.92307692307692,0.005167885122175952,993.8240619569139,76.92307692307692,-28.27264409000069,-0.028829810690000655,0.0016221253400000495,326,2530.0431,580.45,"{'controller_name': 'stat_arb', 'controller_type': 'generic', 'total_amount_quote': 1000.0, 'manual_kill_switch': None, 'candles_config': [], 'coerce_tp_to_step': True, 'connector_name': 'binance_perpetual', 'base_trading_pair': 'XRP-USDT', 'quote_trading_pair': 'RED-USDT', 'base_side': 1, 'grid_config_base': {'start_price': 1.8837351876086172, 'end_price': 2.281264812391383, 'limit_price': 1.784352781412926, 'min_order_amount_quote': 6.5, 'order_frequency': 5}, 'grid_config_quote': {'start_price': 0.42592013286339536, 'end_price': 0.5476798671366047, 'limit_price': 0.578119800704907, 'min_order_amount_quote': 6.5, 'order_frequency': 5}, 'leverage': 50, 'position_mode': 'HEDGE', 'min_spread_between_orders': 0.0004, 'max_open_orders': 3, 'max_orders_per_batch': 1, 'activation_bounds': 0.0003, 'safe_extra_spread': 0.0002, 'deduct_base_fees': False, 'triple_barrier_config': {'stop_loss': 0.1, 'take_profit': 0.0008, 'time_limit': 259200, 'trailing_stop': {'activation_price': 0.03, 'trailing_delta': 0.005}, 'open_order_type': 2, 'take_profit_order_type': 1, 'stop_loss_order_type': 1, 'time_limit_order_type': 1}}",76.92307692307692,0.001582876545551721,304.39933568302325,76.92307692307692
binance-perpetual||XRP-USDT||RED-USDT||2025||isoweek11||step-0.0020_3-0010,binance_perpetual-2025-11-3-0010-batch2-2025.sqlite,XRP-USDT+RED-USDT,2025-03-12 00:18:58,2025-03-12 09:59:25,9.674166666666666,3.3074189100001794,-0.003218052049999838,0.003796379329999973,162,1149.59065,551.9,"{'controller_name': 'stat_arb', 'controller_type': 'generic', 'total_amount_quote': 1000.0, 'manual_kill_switch': None, 'candles_config': [], 'coerce_tp_to_step': True, 'connector_name': 'binance_perpetual', 'base_trading_pair': 'XRP-USDT', 'quote_trading_pair': 'RED-USDT', 'base_side': 1, 'grid_config_base': {'start_price': 1.8837351876086172, 'end_price': 2.281264812391383, 'limit_price': 1.784352781412926, 'min_order_amount_quote': 6.5, 'order_frequency': 5}, 'grid_config_quote': {'start_price': 0.42592013286339536, 'end_price': 0.5476798671366047, 'limit_price': 0.578119800704907, 'min_order_amount_quote': 6.5, 'order_frequency': 5}, 'leverage': 50, 'position_mode': 'HEDGE', 'min_spread_between_orders': 0.0004, 'max_open_orders': 3, 'max_orders_per_batch': 1, 'activation_bounds': 0.0003, 'safe_extra_spread': 0.0002, 'deduct_base_fees': False, 'triple_barrier_config': {'stop_loss': 0.1, 'take_profit': 0.0008, 'time_limit': 259200, 'trailing_stop': {'activation_price': 0.03, 'trailing_delta': 0.005}, 'open_order_type': 2, 'take_profit_order_type': 1, 'stop_loss_order_type': 1, 'time_limit_order_type': 1}}",76.92307692307692,0.005167885122175952,993.8240619569139,76.92307692307692,-28.446131030000355,-0.029076976280000253,0.0015845440100000392,317,2476.1018,580.45,"{'controller_name': 'stat_arb', 'controller_type': 'generic', 'total_amount_quote': 1000.0, 'manual_kill_switch': None, 'candles_config': [], 'coerce_tp_to_step': True, 'connector_name': 'binance_perpetual', 'base_trading_pair': 'XRP-USDT', 'quote_trading_pair': 'RED-USDT', 'base_side': 1, 'grid_config_base': {'start_price': 1.8837351876086172, 'end_price': 2.281264812391383, 'limit_price': 1.784352781412926, 'min_order_amount_quote': 6.5, 'order_frequency': 5}, 'grid_config_quote': {'start_price': 0.42592013286339536, 'end_price': 0.5476798671366047, 'limit_price': 0.578119800704907, 'min_order_amount_quote': 6.5, 'order_frequency': 5}, 'leverage': 50, 'position_mode': 'HEDGE', 'min_spread_between_orders': 0.0004, 'max_open_orders': 3, 'max_orders_per_batch': 1, 'activation_bounds': 0.0003, 'safe_extra_spread': 0.0002, 'deduct_base_fees': False, 'triple_barrier_config': {'stop_loss': 0.1, 'take_profit': 0.0008, 'time_limit': 259200, 'trailing_stop': {'activation_price': 0.03, 'trailing_delta': 0.005}, 'open_order_type': 2, 'take_profit_order_type': 1, 'stop_loss_order_type': 1, 'time_limit_order_type': 1}}",76.92307692307692,0.001582876545551721,304.39933568302325,76.92307692307692
binance-perpetual||XRP-USDT||RED-USDT||2025||isoweek11||step-0.0050_3-0010,binance_perpetual-2025-11-3-0010-batch2-2025.sqlite,XRP-USDT+RED-USDT,2025-03-12 00:18:58,2025-03-12 09:59:25,9.674166666666666,3.5204337000000447,-0.003196225039999899,0.003789195479999864,164,1122.02798,551.7833333333333,"{'controller_name': 'stat_arb', 'controller_type': 'generic', 'total_amount_quote': 1000.0, 'manual_kill_switch': None, 'candles_config': [], 'coerce_tp_to_step': True, 'connector_name': 'binance_perpetual', 'base_trading_pair': 'XRP-USDT', 'quote_trading_pair': 'RED-USDT', 'base_side': 1, 'grid_config_base': {'start_price': 1.8837351876086172, 'end_price': 2.281264812391383, 'limit_price': 1.784352781412926, 'min_order_amount_quote': 6.5, 'order_frequency': 5}, 'grid_config_quote': {'start_price': 0.42592013286339536, 'end_price': 0.5476798671366047, 'limit_price': 0.578119800704907, 'min_order_amount_quote': 6.5, 'order_frequency': 5}, 'leverage': 50, 'position_mode': 'HEDGE', 'min_spread_between_orders': 0.0004, 'max_open_orders': 3, 'max_orders_per_batch': 1, 'activation_bounds': 0.0003, 'safe_extra_spread': 0.0002, 'deduct_base_fees': False, 'triple_barrier_config': {'stop_loss': 0.1, 'take_profit': 0.0008, 'time_limit': 259200, 'trailing_stop': {'activation_price': 0.03, 'trailing_delta': 0.005}, 'open_order_type': 2, 'take_profit_order_type': 1, 'stop_loss_order_type': 1, 'time_limit_order_type': 1}}",76.92307692307692,0.005167885122175952,993.8240619569139,76.92307692307692,-28.414036340000237,-0.029044039340000424,0.0016199517500000385,331,2516.656,580.45,"{'controller_name': 'stat_arb', 'controller_type': 'generic', 'total_amount_quote': 1000.0, 'manual_kill_switch': None, 'candles_config': [], 'coerce_tp_to_step': True, 'connector_name': 'binance_perpetual', 'base_trading_pair': 'XRP-USDT', 'quote_trading_pair': 'RED-USDT', 'base_side': 1, 'grid_config_base': {'start_price': 1.8837351876086172, 'end_price': 2.281264812391383, 'limit_price': 1.784352781412926, 'min_order_amount_quote': 6.5, 'order_frequency': 5}, 'grid_config_quote': {'start_price': 0.42592013286339536, 'end_price': 0.5476798671366047, 'limit_price': 0.578119800704907, 'min_order_amount_quote': 6.5, 'order_frequency': 5}, 'leverage': 50, 'position_mode': 'HEDGE', 'min_spread_between_orders': 0.0004, 'max_open_orders': 3, 'max_orders_per_batch': 1, 'activation_bounds': 0.0003, 'safe_extra_spread': 0.0002, 'deduct_base_fees': False, 'triple_barrier_config': {'stop_loss': 0.1, 'take_profit': 0.0008, 'time_limit': 259200, 'trailing_stop': {'activation_price': 0.03, 'trailing_delta': 0.005}, 'open_order_type': 2, 'take_profit_order_type': 1, 'stop_loss_order_type': 1, 'time_limit_order_type': 1}}",76.92307692307692,0.001582876545551721,304.39933568302325,76.92307692307692
binance-perpetual||SOL-USDT||TRUMP-USDT||2025||isoweek11||step-0.0010_3-0010,binance_perpetual-2025-11-3-0010-batch2-2025.sqlite,SOL-USDT+TRUMP-USDT,2025-03-12 00:19:13,2025-03-12 09:08:57,8.828888888888889,6.273868000000017,0.0062738680000000175,0.0062738680000000175,3,500.47,525.05,"{'controller_name': 'stat_arb', 'controller_type': 'generic', 'total_amount_quote': 1000.0, 'manual_kill_switch': None, 'candles_config': [], 'coerce_tp_to_step': True, 'connector_name': 'binance_perpetual', 'base_trading_pair': 'SOL-USDT', 'quote_trading_pair': 'TRUMP-USDT', 'base_side': 1, 'grid_config_base': {'start_price': 107.80314686588258, 'end_price': 133.43685313411743, 'limit_price': 101.39472029882387, 'min_order_amount_quote': 6.5, 'order_frequency': 5}, 'grid_config_quote': {'start_price': 10.064878360299623, 'end_price': 11.551121639700376, 'limit_price': 11.922682459550565, 'min_order_amount_quote': 6.5, 'order_frequency': 5}, 'leverage': 50, 'position_mode': 'HEDGE', 'min_spread_between_orders': 0.0004, 'max_open_orders': 3, 'max_orders_per_batch': 1, 'activation_bounds': 0.0003, 'safe_extra_spread': 0.0002, 'deduct_base_fees': False, 'triple_barrier_config': {'stop_loss': 0.1, 'take_profit': 0.0008, 'time_limit': 259200, 'trailing_stop': {'activation_price': 0.03, 'trailing_delta': 0.005}, 'open_order_type': 2, 'take_profit_order_type': 1, 'stop_loss_order_type': 1, 'time_limit_order_type': 1}}",76.92307692307692,0.33323818148705303,64084.26567058711,76.92307692307692,1.5155179600000015,0.00022147510000001072,0.00152492140999999,61,397.05447,71.48333333333333,"{'controller_name': 'stat_arb', 'controller_type': 'generic', 'total_amount_quote': 1000.0, 'manual_kill_switch': None, 'candles_config': [], 'coerce_tp_to_step': True, 'connector_name': 'binance_perpetual', 'base_trading_pair': 'SOL-USDT', 'quote_trading_pair': 'TRUMP-USDT', 'base_side': 1, 'grid_config_base': {'start_price': 107.80314686588258, 'end_price': 133.43685313411743, 'limit_price': 101.39472029882387, 'min_order_amount_quote': 6.5, 'order_frequency': 5}, 'grid_config_quote': {'start_price': 10.064878360299623, 'end_price': 11.551121639700376, 'limit_price': 11.922682459550565, 'min_order_amount_quote': 6.5, 'order_frequency': 5}, 'leverage': 50, 'position_mode': 'HEDGE', 'min_spread_between_orders': 0.0004, 'max_open_orders': 3, 'max_orders_per_batch': 1, 'activation_bounds': 0.0003, 'safe_extra_spread': 0.0002, 'deduct_base_fees': False, 'triple_barrier_config': {'stop_loss': 0.1, 'take_profit': 0.0008, 'time_limit': 259200, 'trailing_stop': {'activation_price': 0.03, 'trailing_delta': 0.005}, 'open_order_type': 2, 'take_profit_order_type': 1, 'stop_loss_order_type': 1, 'time_limit_order_type': 1}}",76.92307692307692,0.01932116263220979,3715.6081985018827,76.92307692307692
binance-perpetual||SOL-USDT||TRUMP-USDT||2025||isoweek11||step-0.0015_3-0010,binance_perpetual-2025-11-3-0010-batch2-2025.sqlite,SOL-USDT+TRUMP-USDT,2025-03-12 00:19:13,2025-03-12 09:08:57,8.828888888888889,6.273868000000017,0.0062738680000000175,0.0062738680000000175,3,500.47,525.05,"{'controller_name': 'stat_arb', 'controller_type': 'generic', 'total_amount_quote': 1000.0, 'manual_kill_switch': None, 'candles_config': [], 'coerce_tp_to_step': True, 'connector_name': 'binance_perpetual', 'base_trading_pair': 'SOL-USDT', 'quote_trading_pair': 'TRUMP-USDT', 'base_side': 1, 'grid_config_base': {'start_price': 107.80314686588258, 'end_price': 133.43685313411743, 'limit_price': 101.39472029882387, 'min_order_amount_quote': 6.5, 'order_frequency': 5}, 'grid_config_quote': {'start_price': 10.064878360299623, 'end_price': 11.551121639700376, 'limit_price': 11.922682459550565, 'min_order_amount_quote': 6.5, 'order_frequency': 5}, 'leverage': 50, 'position_mode': 'HEDGE', 'min_spread_between_orders': 0.0004, 'max_open_orders': 3, 'max_orders_per_batch': 1, 'activation_bounds': 0.0003, 'safe_extra_spread': 0.0002, 'deduct_base_fees': False, 'triple_barrier_config': {'stop_loss': 0.1, 'take_profit': 0.0008, 'time_limit': 259200, 'trailing_stop': {'activation_price': 0.03, 'trailing_delta': 0.005}, 'open_order_type': 2, 'take_profit_order_type': 1, 'stop_loss_order_type': 1, 'time_limit_order_type': 1}}",76.92307692307692,0.33323818148705303,64084.26567058711,76.92307692307692,1.5357776600000366,0.00019433662000000216,0.0015451811100000146,60,397.03546000000006,71.46666666666667,"{'controller_name': 'stat_arb', 'controller_type': 'generic', 'total_amount_quote': 1000.0, 'manual_kill_switch': None, 'candles_config': [], 'coerce_tp_to_step': True, 'connector_name': 'binance_perpetual', 'base_trading_pair': 'SOL-USDT', 'quote_trading_pair': 'TRUMP-USDT', 'base_side': 1, 'grid_config_base': {'start_price': 107.80314686588258, 'end_price': 133.43685313411743, 'limit_price': 101.39472029882387, 'min_order_amount_quote': 6.5, 'order_frequency': 5}, 'grid_config_quote': {'start_price': 10.064878360299623, 'end_price': 11.551121639700376, 'limit_price': 11.922682459550565, 'min_order_amount_quote': 6.5, 'order_frequency': 5}, 'leverage': 50, 'position_mode': 'HEDGE', 'min_spread_between_orders': 0.0004, 'max_open_orders': 3, 'max_orders_per_batch': 1, 'activation_bounds': 0.0003, 'safe_extra_spread': 0.0002, 'deduct_base_fees': False, 'triple_barrier_config': {'stop_loss': 0.1, 'take_profit': 0.0008, 'time_limit': 259200, 'trailing_stop': {'activation_price': 0.03, 'trailing_delta': 0.005}, 'open_order_type': 2, 'take_profit_order_type': 1, 'stop_loss_order_type': 1, 'time_limit_order_type': 1}}",76.92307692307692,0.01932116263220979,3715.6081985018827,76.92307692307692
binance-perpetual||SOL-USDT||TRUMP-USDT||2025||isoweek11||step-0.0020_3-0010,binance_perpetual-2025-11-3-0010-batch2-2025.sqlite,SOL-USDT+TRUMP-USDT,2025-03-12 00:19:13,2025-03-12 09:08:57,8.828888888888889,6.273868000000017,0.0062738680000000175,0.0062738680000000175,3,500.47,525.05,"{'controller_name': 'stat_arb', 'controller_type': 'generic', 'total_amount_quote': 1000.0, 'manual_kill_switch': None, 'candles_config': [], 'coerce_tp_to_step': True, 'connector_name': 'binance_perpetual', 'base_trading_pair': 'SOL-USDT', 'quote_trading_pair': 'TRUMP-USDT', 'base_side': 1, 'grid_config_base': {'start_price': 107.80314686588258, 'end_price': 133.43685313411743, 'limit_price': 101.39472029882387, 'min_order_amount_quote': 6.5, 'order_frequency': 5}, 'grid_config_quote': {'start_price': 10.064878360299623, 'end_price': 11.551121639700376, 'limit_price': 11.922682459550565, 'min_order_amount_quote': 6.5, 'order_frequency': 5}, 'leverage': 50, 'position_mode': 'HEDGE', 'min_spread_between_orders': 0.0004, 'max_open_orders': 3, 'max_orders_per_batch': 1, 'activation_bounds': 0.0003, 'safe_extra_spread': 0.0002, 'deduct_base_fees': False, 'triple_barrier_config': {'stop_loss': 0.1, 'take_profit': 0.0008, 'time_limit': 259200, 'trailing_stop': {'activation_price': 0.03, 'trailing_delta': 0.005}, 'open_order_type': 2, 'take_profit_order_type': 1, 'stop_loss_order_type': 1, 'time_limit_order_type': 1}}",76.92307692307692,0.33323818148705303,64084.26567058711,76.92307692307692,1.5324013200000663,0.0002221361100000227,0.001541804770000049,64,383.21919,71.46666666666667,"{'controller_name': 'stat_arb', 'controller_type': 'generic', 'total_amount_quote': 1000.0, 'manual_kill_switch': None, 'candles_config': [], 'coerce_tp_to_step': True, 'connector_name': 'binance_perpetual', 'base_trading_pair': 'SOL-USDT', 'quote_trading_pair': 'TRUMP-USDT', 'base_side': 1, 'grid_config_base': {'start_price': 107.80314686588258, 'end_price': 133.43685313411743, 'limit_price': 101.39472029882387, 'min_order_amount_quote': 6.5, 'order_frequency': 5}, 'grid_config_quote': {'start_price': 10.064878360299623, 'end_price': 11.551121639700376, 'limit_price': 11.922682459550565, 'min_order_amount_quote': 6.5, 'order_frequency': 5}, 'leverage': 50, 'position_mode': 'HEDGE', 'min_spread_between_orders': 0.0004, 'max_open_orders': 3, 'max_orders_per_batch': 1, 'activation_bounds': 0.0003, 'safe_extra_spread': 0.0002, 'deduct_base_fees': False, 'triple_barrier_config': {'stop_loss': 0.1, 'take_profit': 0.0008, 'time_limit': 259200, 'trailing_stop': {'activation_price': 0.03, 'trailing_delta': 0.005}, 'open_order_type': 2, 'take_profit_order_type': 1, 'stop_loss_order_type': 1, 'time_limit_order_type': 1}}",76.92307692307692,0.01932116263220979,3715.6081985018827,76.92307692307692
binance-perpetual||SOL-USDT||TRUMP-USDT||2025||isoweek11||step-0.0050_3-0010,binance_perpetual-2025-11-3-0010-batch2-2025.sqlite,SOL-USDT+TRUMP-USDT,2025-03-12 00:19:13,2025-03-12 09:08:57,8.828888888888889,6.273868000000017,0.0062738680000000175,0.0062738680000000175,3,500.47,525.05,"{'controller_name': 'stat_arb', 'controller_type': 'generic', 'total_amount_quote': 1000.0, 'manual_kill_switch': None, 'candles_config': [], 'coerce_tp_to_step': True, 'connector_name': 'binance_perpetual', 'base_trading_pair': 'SOL-USDT', 'quote_trading_pair': 'TRUMP-USDT', 'base_side': 1, 'grid_config_base': {'start_price': 107.80314686588258, 'end_price': 133.43685313411743, 'limit_price': 101.39472029882387, 'min_order_amount_quote': 6.5, 'order_frequency': 5}, 'grid_config_quote': {'start_price': 10.064878360299623, 'end_price': 11.551121639700376, 'limit_price': 11.922682459550565, 'min_order_amount_quote': 6.5, 'order_frequency': 5}, 'leverage': 50, 'position_mode': 'HEDGE', 'min_spread_between_orders': 0.0004, 'max_open_orders': 3, 'max_orders_per_batch': 1, 'activation_bounds': 0.0003, 'safe_extra_spread': 0.0002, 'deduct_base_fees': False, 'triple_barrier_config': {'stop_loss': 0.1, 'take_profit': 0.0008, 'time_limit': 259200, 'trailing_stop': {'activation_price': 0.03, 'trailing_delta': 0.005}, 'open_order_type': 2, 'take_profit_order_type': 1, 'stop_loss_order_type': 1, 'time_limit_order_type': 1}}",76.92307692307692,0.33323818148705303,64084.26567058711,76.92307692307692,1.5267639700000553,0.00021477625000003168,0.0015354970800000294,63,383.21483000000006,71.46666666666667,"{'controller_name': 'stat_arb', 'controller_type': 'generic', 'total_amount_quote': 1000.0, 'manual_kill_switch': None, 'candles_config': [], 'coerce_tp_to_step': True, 'connector_name': 'binance_perpetual', 'base_trading_pair': 'SOL-USDT', 'quote_trading_pair': 'TRUMP-USDT', 'base_side': 1, 'grid_config_base': {'start_price': 107.80314686588258, 'end_price': 133.43685313411743, 'limit_price': 101.39472029882387, 'min_order_amount_quote': 6.5, 'order_frequency': 5}, 'grid_config_quote': {'start_price': 10.064878360299623, 'end_price': 11.551121639700376, 'limit_price': 11.922682459550565, 'min_order_amount_quote': 6.5, 'order_frequency': 5}, 'leverage': 50, 'position_mode': 'HEDGE', 'min_spread_between_orders': 0.0004, 'max_open_orders': 3, 'max_orders_per_batch': 1, 'activation_bounds': 0.0003, 'safe_extra_spread': 0.0002, 'deduct_base_fees': False, 'triple_barrier_config': {'stop_loss': 0.1, 'take_profit': 0.0008, 'time_limit': 259200, 'trailing_stop': {'activation_price': 0.03, 'trailing_delta': 0.005}, 'open_order_type': 2, 'take_profit_order_type': 1, 'stop_loss_order_type': 1, 'time_limit_order_type': 1}}",76.92307692307692,0.01932116263220979,3715.6081985018827,76.92307692307692
